stocks,_id,author,category,date,description,image,isLocked,link,lockType,slug,sticky,thumbnail,title,topics,timeAgo,time,badge,id
"[{'ticker': 'AAPL', 'market': None}, {'ticker': 'INTC', 'market': None}]",449624,{'slug': 'shrilekha-pethe'},"{'slug': 'news', 'title': 'Market News'}",2023-01-31T14:00:26.000Z,"<p>Apple’s (NASDAQ: AAPL) bet on making its own chips is paying off handsomely, according to an Apple executive. The tech giant had ditched Intel (INTC) around two years back and</p>
<div><a class=""permalink"" href=""https://blog.tipranks.com/aapl-is-chipping-away-at-the-competition-with-its-chips/"">Read More…</a></div>
","{'src': 'https://blog.tipranks.com/wp-content/uploads/2023/01/shutterstock_1691765089-750x406.jpg', 'width': 750, 'height': 406}",True,https://www.tipranks.com/news/aapl-is-chipping-away-at-the-competition-with-its-chips,GraceCount,aapl-is-chipping-away-at-the-competition-with-its-chips,False,{'src': 'https://blog.tipranks.com/wp-content/uploads/2023/01/shutterstock_1691765089-150x150.jpg'},AAPL is Chipping Away at the Competition with its Chip,"[{'id': 0, 'title': 'AAPL', 'slug': 'aapl'}, {'id': 0, 'title': 'INTC', 'slug': 'intc'}]",1y,1675173626000,,449624
"[{'ticker': 'AAPL', 'market': None}]",449241,{'slug': 'vince-condarcuri'},"{'slug': 'news', 'title': 'Market News'}",2023-01-30T16:52:03.000Z,"<p>Shares of Apple (NASDAQ:AAPL) are down today, which can be attributed to analyst Aaron Rakers cutting his estimates for 2023. He now expects Apple’s earnings per share to be $5.81</p>
<div><a class=""permalink"" href=""https://blog.tipranks.com/aapl-falls-after-analyst-slashes-earnings-estimates/"">Read More…</a></div>
","{'src': 'https://blog.tipranks.com/wp-content/uploads/2023/01/shutterstock_1726161376-2-750x406.jpg', 'width': 750, 'height': 406}",True,https://www.tipranks.com/news/aapl-falls-after-analyst-slashes-earnings-estimates,GraceCount,aapl-falls-after-analyst-slashes-earnings-estimates,False,{'src': 'https://blog.tipranks.com/wp-content/uploads/2023/01/shutterstock_1726161376-2-150x150.jpg'},AAPL Falls after Analyst Slashes Earnings Estimates,"[{'id': 0, 'title': 'AAPL', 'slug': 'aapl'}]",1y,1675097523000,,449241
"[{'ticker': 'AAPL', 'market': None}, {'ticker': 'JBL', 'market': None}]",448882,{'slug': 'shrilekha-pethe'},"{'slug': 'news', 'title': 'Market News'}",2023-01-30T10:57:21.000Z,"<p>While Apple (NASDAQ: AAPL) had restricted its manufacturing output from India to iPhone so far, it is now building out its production in India to AirPods. Bloomberg reported on Monday</p>
<div><a class=""permalink"" href=""https://blog.tipranks.com/aapl-is-making-airpod-parts-in-india/"">Read More…</a></div>
","{'src': 'https://blog.tipranks.com/wp-content/uploads/2023/01/shutterstock_1545943244-750x406.jpg', 'width': 750, 'height': 406}",True,https://www.tipranks.com/news/aapl-is-making-airpod-parts-in-india,GraceCount,aapl-is-making-airpod-parts-in-india,False,{'src': 'https://blog.tipranks.com/wp-content/uploads/2023/01/shutterstock_1545943244-150x150.jpg'},AAPL is Making AirPod Parts in India,"[{'id': 0, 'title': 'AAPL', 'slug': 'aapl'}, {'id': 0, 'title': 'JBL', 'slug': 'jbl'}]",1y,1675076241000,,448882
"[{'ticker': 'AMZN', 'market': None}, {'ticker': 'META', 'market': None}, {'ticker': 'NASDAQ', 'market': None}, {'ticker': 'NFLX', 'market': None}]",444835,{'slug': 'sirisha-bhogaraju'},"{'slug': 'article', 'title': 'Stock Analysis & Ideas'}",2023-01-25T19:47:56.000Z,"<p>Last year, macro pressures hammered tech stocks and even the mighty FAANG (Meta Platforms (NASDAQ:META), previously called Facebook, Amazon (NASDAQ:AMZN), Apple (NASDAQ:AAPL), Netflix (NASDAQ:NFLX), and Google’s parent company Alphabet (NASDAQ:GOOGL,</p>
<div><a class=""permalink"" href=""https://blog.tipranks.com/meta-amzn-or-nflx-which-faang-stock-is-wall-streets-best-bet-in-2023/"">Read More…</a></div>
","{'src': 'https://blog.tipranks.com/wp-content/uploads/2023/01/shutterstock_1712900962-750x406.jpg', 'width': 750, 'height': 406}",True,https://www.tipranks.com/news/article/meta-amzn-or-nflx-which-faang-stock-is-wall-streets-best-bet-in-2023,GraceCount,meta-amzn-or-nflx-which-faang-stock-is-wall-streets-best-bet-in-2023,False,{'src': 'https://blog.tipranks.com/wp-content/uploads/2023/01/shutterstock_1712900962-150x150.jpg'},"META, AMZN, or NFLX: Which FAANG Stock is Wall Street’s Best Bet in 2023?","[{'id': 0, 'title': 'AMZN', 'slug': 'amzn'}, {'id': 0, 'title': 'META', 'slug': 'meta'}, {'id': 0, 'title': 'NASDAQ', 'slug': 'nasdaq'}, {'id': 0, 'title': 'NFLX', 'slug': 'nflx'}]",1y,1674676076000,,444835
"[{'ticker': 'AAPL', 'market': None}, {'ticker': 'FAANG', 'market': None}, {'ticker': 'NASDAQ', 'market': None}]",439189,{'slug': 'theretirementdashgmail-com'},"{'slug': 'article', 'title': 'Stock Analysis & Ideas'}",2023-01-23T20:30:25.000Z,"<p>Apple’s (NASDAQ:AAPL) incredible success, fueled by a diverse product line and reputable brand, has made it the crème de la crème of tech stocks over the past few years, and</p>
<div><a class=""permalink"" href=""https://blog.tipranks.com/why-aapl-stock-is-a-buy-ahead-of-earnings/"">Read More…</a></div>
","{'src': 'https://blog.tipranks.com/wp-content/uploads/2023/01/shutterstock_711401320-750x406.jpg', 'width': 750, 'height': 406}",True,https://www.tipranks.com/news/article/why-aapl-stock-is-a-buy-ahead-of-earnings,GraceCount,why-aapl-stock-is-a-buy-ahead-of-earnings,False,{'src': 'https://blog.tipranks.com/wp-content/uploads/2023/01/shutterstock_711401320-150x150.jpg'},Apple (NASDAQ:AAPL): The Crème de la Crème of Tech Stocks,"[{'id': 0, 'title': 'AAPL', 'slug': 'aapl'}, {'id': 0, 'title': 'FAANG', 'slug': 'faang-2'}, {'id': 0, 'title': 'NASDAQ', 'slug': 'nasdaq'}]",1y,1674505825000,,439189
"[{'ticker': 'AAPL', 'market': None}, {'ticker': 'CRM', 'market': None}, {'ticker': 'MSFT', 'market': None}]",442445,{'slug': 'steveanderson'},"{'slug': 'news', 'title': 'Market News'}",2023-01-23T18:52:30.000Z,"<p>With earnings season off and rolling, investors everywhere are looking for the best names as they rebalance their portfolios. Wedbush Securities just brought out a list of some of its</p>
<div><a class=""permalink"" href=""https://blog.tipranks.com/wedbush-reveals-top-picks-of-new-earnings-season/"">Read More…</a></div>
","{'src': 'https://blog.tipranks.com/wp-content/uploads/2023/01/shutterstock_1686199123-750x406.jpg', 'width': 750, 'height': 406}",True,https://www.tipranks.com/news/wedbush-reveals-top-picks-of-new-earnings-season,GraceCount,wedbush-reveals-top-picks-of-new-earnings-season,False,{'src': 'https://blog.tipranks.com/wp-content/uploads/2023/01/shutterstock_1686199123-150x150.jpg'},"AAPL, MSFT Revealed as Top Picks by Wedbush","[{'id': 0, 'title': 'AAPL', 'slug': 'aapl'}, {'id': 0, 'title': 'CRM', 'slug': 'crm'}, {'id': 0, 'title': 'MSFT', 'slug': 'msft'}]",1y,1674499950000,,442445
"[{'ticker': 'AAPL', 'market': None}]",442045,{'slug': 'shrilekha-pethe'},"{'slug': 'news', 'title': 'Market News'}",2023-01-23T10:01:22.000Z,"<p>Apple (NASDAQ: AAPL) could be looking at India to make up 25% of its iPhone production from the current range of 5% to 7%, Indian trade minister Piyush Goyal stated</p>
<div><a class=""permalink"" href=""https://blog.tipranks.com/india-could-make-up-25-of-aapls-iphone-production/"">Read More…</a></div>
","{'src': 'https://blog.tipranks.com/wp-content/uploads/2023/01/shutterstock_780065896-750x406.jpg', 'width': 750, 'height': 406}",False,https://www.tipranks.com/news/india-could-make-up-25-of-aapls-iphone-production,GraceCount,india-could-make-up-25-of-aapls-iphone-production,False,{'src': 'https://blog.tipranks.com/wp-content/uploads/2023/01/shutterstock_780065896-150x150.jpg'},AAPL Continues to Pivot to India,"[{'id': 0, 'title': 'AAPL', 'slug': 'aapl'}]",1y,1674468082000,,442045
"[{'ticker': 'AAPL', 'market': None}]",439815,{'slug': 'vince-condarcuri'},"{'slug': 'news', 'title': 'Market News'}",2023-01-19T15:58:18.000Z,"<p>Shares of Apple (NYSE:AAPL) are lower in today’s session, which can be attributed to an analyst price cut. Samik Chatterjee of J.P. Morgan (NYSE:JPM) changed his price target to $180</p>
<div><a class=""permalink"" href=""https://blog.tipranks.com/apple-slides-after-j-p-morgan-cuts-price-target/"">Read More…</a></div>
","{'src': 'https://blog.tipranks.com/wp-content/uploads/2023/01/shutterstock_1522703384-750x406.jpg', 'width': 750, 'height': 406}",True,https://www.tipranks.com/news/apple-slides-after-j-p-morgan-cuts-price-target,GraceCount,apple-slides-after-j-p-morgan-cuts-price-target,False,{'src': 'https://blog.tipranks.com/wp-content/uploads/2023/01/shutterstock_1522703384-150x150.jpg'},Apple Slides as J.P. Morgan Cuts Price Target,"[{'id': 0, 'title': 'AAPL', 'slug': 'aapl'}]",1y,1674143898000,,439815
"[{'ticker': 'AAPL', 'market': None}, {'ticker': 'AMZN', 'market': None}, {'ticker': 'GOOG', 'market': None}, {'ticker': 'GOOGL', 'market': None}]",439161,{'slug': 'shrilekha-pethe'},"{'slug': 'news', 'title': 'Market News'}",2023-01-19T09:46:31.000Z,"<p>Apple (NASDAQ: AAPL) could take on Amazon (AMZN) and Google (GOOGL) next when it comes to the smart home market, according to a Bloomberg report. AAPL could venture into smart</p>
<div><a class=""permalink"" href=""https://blog.tipranks.com/apple-plans-to-take-on-amzn-and-googl-with-smart-home-devices/"">Read More…</a></div>
","{'src': 'https://blog.tipranks.com/wp-content/uploads/2023/01/shutterstock_1726161376-2-750x406.jpg', 'width': 750, 'height': 406}",True,https://www.tipranks.com/news/apple-plans-to-take-on-amzn-and-googl-with-smart-home-devices,GraceCount,apple-plans-to-take-on-amzn-and-googl-with-smart-home-devices,False,{'src': 'https://blog.tipranks.com/wp-content/uploads/2023/01/shutterstock_1726161376-2-150x150.jpg'},Apple Plans to Take On AMZN and GOOGL with Smart Home Devices,"[{'id': 0, 'title': 'AAPL', 'slug': 'aapl'}, {'id': 0, 'title': 'AMZN', 'slug': 'amzn'}, {'id': 0, 'title': 'GOOG', 'slug': 'goog'}, {'id': 0, 'title': 'GOOGL', 'slug': 'googl'}]",1y,1674121591000,,439161
"[{'ticker': 'AAPL', 'market': None}]",438915,{'slug': 'martyshtrubel'},"{'slug': 'article', 'title': 'Stock Analysis & Ideas'}",2023-01-19T00:30:07.000Z,"<p>It’s well-known by now, Apple’s (NASDAQ:AAPL) December quarter was marred by serious headwinds to its iPhone supply chain caused by the production disruptions in Zhengzhou, China. As such, ahead of</p>
<div><a class=""permalink"" href=""https://blog.tipranks.com/can-apple-pull-a-rabbit-out-of-its-hat-this-earnings-season-analyst-weighs-in/"">Read More…</a></div>
","{'src': 'https://blog.tipranks.com/wp-content/uploads/2022/06/AAPL-0607-750x406.jpg', 'width': 750, 'height': 406}",True,https://www.tipranks.com/news/article/can-apple-pull-a-rabbit-out-of-its-hat-this-earnings-season-analyst-weighs-in,GraceCount,can-apple-pull-a-rabbit-out-of-its-hat-this-earnings-season-analyst-weighs-in,False,{'src': 'https://blog.tipranks.com/wp-content/uploads/2022/06/AAPL-0607-150x150.jpg'},Can Apple Pull a Rabbit Out of Its Hat This Earnings Season? Analyst Weighs In,"[{'id': 0, 'title': 'AAPL', 'slug': 'aapl'}, {'id': 0, 'title': 'Apple', 'slug': 'apple'}]",1y,1674088207000,,438915
"[{'ticker': 'AAPL', 'market': None}, {'ticker': 'META', 'market': None}]",438622,{'slug': 'steveanderson'},"{'slug': 'news', 'title': 'Market News'}",2023-01-18T18:54:54.000Z,"<p>Normally, the only place you’d see the words “cheaper” and “Apple” together is in a grocery store. However, consumer tech giant Apple (NASDAQ:AAPL) has a plan to take on Meta</p>
<div><a class=""permalink"" href=""https://blog.tipranks.com/apple-plans-to-take-on-meta-with-cheaper-hardware/"">Read More…</a></div>
","{'src': 'https://blog.tipranks.com/wp-content/uploads/2022/08/shutterstock_2062865573-750x406.jpg', 'width': 750, 'height': 406}",True,https://www.tipranks.com/news/apple-plans-to-take-on-meta-with-cheaper-hardware,GraceCount,apple-plans-to-take-on-meta-with-cheaper-hardware,False,{'src': 'https://blog.tipranks.com/wp-content/uploads/2022/08/shutterstock_2062865573-150x150.jpg'},Apple Plans to Take on META with Cheaper Hardware,"[{'id': 0, 'title': 'AAPL', 'slug': 'aapl'}, {'id': 0, 'title': 'META', 'slug': 'meta'}]",1y,1674068094000,,438622
"[{'ticker': 'AAPL', 'market': None}]",437306,{'slug': 'steveanderson'},"{'slug': 'news', 'title': 'Market News'}",2023-01-17T20:20:15.000Z,"<p>It’s almost disappointing to see what happened to consumer product giant Apple (NASDAQ:AAPL) in trading today. The company is up, ever so slightly, despite a flood of good news that</p>
<div><a class=""permalink"" href=""https://blog.tipranks.com/flood-of-aapl-news-budges-share-price-higher/"">Read More…</a></div>
","{'src': 'https://blog.tipranks.com/wp-content/uploads/2023/01/shutterstock_1726161376-1-750x406.jpg', 'width': 750, 'height': 406}",True,https://www.tipranks.com/news/flood-of-aapl-news-budges-share-price-higher,GraceCount,flood-of-aapl-news-budges-share-price-higher,False,{'src': 'https://blog.tipranks.com/wp-content/uploads/2023/01/shutterstock_1726161376-1-150x150.jpg'},Flood of AAPL News Budges Share Price Higher,"[{'id': 0, 'title': 'AAPL', 'slug': 'aapl'}]",1y,1673986815000,,437306
"[{'ticker': 'AAPL', 'market': None}]",434915,{'slug': 'radhika-saraogi'},"{'slug': 'news', 'title': 'Market News'}",2023-01-13T09:36:07.000Z,"<p>Apple’s (NASDAQ:AAPL) CEO Tim Cook’s 2023 compensation target is expected to be $49 million, about 40% lower than the previous year. As per the SEC filing, the base salary and</p>
<div><a class=""permalink"" href=""https://blog.tipranks.com/apple-nasdaqaapl-trims-ceos-2023-compensation-target/"">Read More…</a></div>
","{'src': 'https://blog.tipranks.com/wp-content/uploads/2023/01/shutterstock_1522703384-750x406.jpg', 'width': 750, 'height': 406}",True,https://www.tipranks.com/news/apple-nasdaqaapl-trims-ceos-2023-compensation-target,GraceCount,apple-nasdaqaapl-trims-ceos-2023-compensation-target,False,{'src': 'https://blog.tipranks.com/wp-content/uploads/2023/01/shutterstock_1522703384-150x150.jpg'},Apple (NASDAQ:AAPL) Trims CEO’s 2023 Compensation Target,"[{'id': 0, 'title': 'AAPL', 'slug': 'aapl'}]",1y,1673602567000,,434915
"[{'ticker': 'AAPL', 'market': None}]",432151,{'slug': 'shrilekha-pethe'},"{'slug': 'news', 'title': 'Market News'}",2023-01-11T09:57:24.000Z,"<p>There is a shift in Apple’s (NASDAQ: AAPL) manufacturing strategy as it is looking at reducing its reliance on China for the manufacturing of its iPhones. Now, the technology giant</p>
<div><a class=""permalink"" href=""https://blog.tipranks.com/aapl-to-begin-making-apple-watch-display-screens-in-house/"">Read More…</a></div>
","{'src': 'https://blog.tipranks.com/wp-content/uploads/2023/01/shutterstock_1726161376-1-750x406.jpg', 'width': 750, 'height': 406}",False,https://www.tipranks.com/news/aapl-to-begin-making-apple-watch-display-screens-in-house,GraceCount,aapl-to-begin-making-apple-watch-display-screens-in-house,False,{'src': 'https://blog.tipranks.com/wp-content/uploads/2023/01/shutterstock_1726161376-1-150x150.jpg'},AAPL to Begin Making Apple Watch Display Screens In-House,"[{'id': 0, 'title': 'AAPL', 'slug': 'aapl'}]",1y,1673431044000,,432151
"[{'ticker': 'AAPL', 'market': None}]",431443,{'slug': 'sirisha-bhogaraju'},"{'slug': 'news', 'title': 'Market News'}",2023-01-10T15:22:22.000Z,"<p>Tech giant Apple (NASDAQ:AAPL) might ditch two of its key suppliers, Broadcom (NASDAQ:AVGO) and Qualcomm (NASDAQ:QCOM), for in-house components, Bloomberg reported. It is developing a chip combining WiFi and Bluetooth</p>
<div><a class=""permalink"" href=""https://blog.tipranks.com/apple-nasdaqaapl-to-abandon-broadcom-qualcomm-to-become-self-reliant/"">Read More…</a></div>
","{'src': 'https://blog.tipranks.com/wp-content/uploads/2023/01/shutterstock_1522703384-750x406.jpg', 'width': 750, 'height': 406}",True,https://www.tipranks.com/news/apple-nasdaqaapl-to-abandon-broadcom-qualcomm-to-become-self-reliant,GraceCount,apple-nasdaqaapl-to-abandon-broadcom-qualcomm-to-become-self-reliant,False,{'src': 'https://blog.tipranks.com/wp-content/uploads/2023/01/shutterstock_1522703384-150x150.jpg'},"Apple (NASDAQ:AAPL) to Abandon Broadcom, Qualcomm to Become Self-Reliant","[{'id': 0, 'title': 'AAPL', 'slug': 'aapl'}]",1y,1673364142000,,431443
"[{'ticker': 'AAPL', 'market': None}]",429079,{'slug': 'steveanderson'},"{'slug': 'news', 'title': 'Market News'}",2023-01-06T21:46:38.000Z,"<p>It was somewhat of a backhanded praise that Apple (NASDAQ:APPL) took from Wedbush Securities recently. While the analyst offered up some very glowing praise, it also cut one of its</p>
<div><a class=""permalink"" href=""https://blog.tipranks.com/wedbushs-rock-of-gibraltar-aapl-takes-price-cut/"">Read More…</a></div>
","{'src': 'https://blog.tipranks.com/wp-content/uploads/2022/12/shutterstock_711401320-750x406.jpg', 'width': 750, 'height': 406}",True,https://www.tipranks.com/news/wedbushs-rock-of-gibraltar-aapl-takes-price-cut,GraceCount,wedbushs-rock-of-gibraltar-aapl-takes-price-cut,False,{'src': 'https://blog.tipranks.com/wp-content/uploads/2022/12/shutterstock_711401320-150x150.jpg'},"Wedbush’s “Rock of Gibraltar,” AAPL, Takes Price Cut","[{'id': 0, 'title': 'AAPL', 'slug': 'aapl'}]",1y,1673041598000,,429079
"[{'ticker': 'AAPL', 'market': None}]",428961,{'slug': 'martyshtrubel'},"{'slug': 'article', 'title': 'Stock Analysis & Ideas'}",2023-01-06T19:39:43.000Z,"<p>The headlines in recent days have pointed to Apple’s (AAPL) massive valuation reset, as the stock has shed $1 trillion off its market cap over the past year. Apple’s predicament</p>
<div><a class=""permalink"" href=""https://blog.tipranks.com/is-apple-aapl-stock-a-buy-right-now-this-is-what-you-need-to-know/"">Read More…</a></div>
","{'src': 'https://blog.tipranks.com/wp-content/uploads/2022/04/AAPL-0422-750x406.jpg', 'width': 750, 'height': 406}",True,https://www.tipranks.com/news/article/is-apple-aapl-stock-a-buy-right-now-this-is-what-you-need-to-know,GraceCount,is-apple-aapl-stock-a-buy-right-now-this-is-what-you-need-to-know,False,{'src': 'https://blog.tipranks.com/wp-content/uploads/2022/04/AAPL-0422-150x150.jpg'},Is Apple (AAPL) Stock a Buy Right Now? This Is What You Need to Know,"[{'id': 0, 'title': 'AAPL', 'slug': 'aapl'}, {'id': 0, 'title': 'Apple', 'slug': 'apple'}]",1y,1673033983000,,428961
"[{'ticker': 'AAPL', 'market': None}]",427743,{'slug': 'steveanderson'},"{'slug': 'news', 'title': 'Market News'}",2023-01-05T19:41:13.000Z,"<p>A revived Foxconn looked like good news for Apple (NASDAQ:AAPL). With Foxconn reporting a gain in revenue for December, getting back to normal looks more and more likely to happen.</p>
<div><a class=""permalink"" href=""https://blog.tipranks.com/aapl-recovers-as-foxconn-orders-pick-up/"">Read More…</a></div>
","{'src': 'https://blog.tipranks.com/wp-content/uploads/2022/12/shutterstock_522478003-750x406.jpg', 'width': 750, 'height': 406}",True,https://www.tipranks.com/news/aapl-recovers-as-foxconn-orders-pick-up,GraceCount,aapl-recovers-as-foxconn-orders-pick-up,False,{'src': 'https://blog.tipranks.com/wp-content/uploads/2022/12/shutterstock_522478003-150x150.jpg'},AAPL Recovers as Foxconn Orders Pick Up,"[{'id': 0, 'title': 'AAPL', 'slug': 'aapl'}]",1y,1672947673000,,427743
"[{'ticker': 'AAPL', 'market': None}]",426981,{'slug': 'sirisha-bhogaraju'},"{'slug': 'news', 'title': 'Market News'}",2023-01-05T11:30:56.000Z,"<p>Tech giant Apple (NASDAQ:AAPL) is set to sign a contract with China-based Luxshare Precision, a key rival of the company’s Taiwanese supplier Foxconn, to produce its premium iPhone models, the</p>
<div><a class=""permalink"" href=""https://blog.tipranks.com/apple-nasdaqaapl-picks-foxconn-rival-luxshare-for-premium-iphones/"">Read More…</a></div>
","{'src': 'https://blog.tipranks.com/wp-content/uploads/2023/01/shutterstock_2047577072-750x406.jpg', 'width': 750, 'height': 406}",True,https://www.tipranks.com/news/apple-nasdaqaapl-picks-foxconn-rival-luxshare-for-premium-iphones,GraceCount,apple-nasdaqaapl-picks-foxconn-rival-luxshare-for-premium-iphones,False,{'src': 'https://blog.tipranks.com/wp-content/uploads/2023/01/shutterstock_2047577072-150x150.jpg'},Apple (NASDAQ:AAPL) Picks Foxconn Rival Luxshare for Premium iPhones,"[{'id': 0, 'title': 'AAPL', 'slug': 'aapl'}]",1y,1672918256000,,426981
"[{'ticker': 'DJIA', 'market': None}, {'ticker': 'NDX', 'market': None}, {'ticker': 'SPX', 'market': None}]",425311,{'slug': 'beny'},"{'slug': 'news', 'title': 'Market News'}",2023-01-03T22:26:00.000Z,"<p>Last Updated 4:05 PM EST Stock indices finished today’s trading session in the red, although well off their lows. This can be attributed to Tesla’s (NASDAQ:TSLA) and Apple’s (NASDAQ:AAPL) poor</p>
<div><a class=""permalink"" href=""https://blog.tipranks.com/stock-market-today-futures-climb-ahead-of-trading-day-1-of-2023/"">Read More…</a></div>
","{'src': 'https://blog.tipranks.com/wp-content/uploads/2022/12/shutterstock_1854622555-750x406.jpg', 'width': 750, 'height': 406}",True,https://www.tipranks.com/news/stock-market-today-futures-climb-ahead-of-trading-day-1-of-2023,GraceCount,stock-market-today-futures-climb-ahead-of-trading-day-1-of-2023,False,{'src': 'https://blog.tipranks.com/wp-content/uploads/2022/12/shutterstock_1854622555-150x150.jpg'},Stock Market Today – Market Shakes Off TSLA Doomsday; GDP Expected to Grow 3.9%,"[{'id': 0, 'title': 'DJIA', 'slug': 'djia'}, {'id': 0, 'title': 'NDX', 'slug': 'ndx'}, {'id': 0, 'title': 'SPX', 'slug': 'spx'}, {'id': 0, 'title': 'Stock Market Today', 'slug': 'pre-market'}]",1y,1672784760000,,425311
"[{'ticker': 'AAPL', 'market': None}]",425533,{'slug': 'steveanderson'},"{'slug': 'news', 'title': 'Market News'}",2023-01-03T18:39:30.000Z,"<p>It was bad enough for consumer products giant Apple (NASDAQ:AAPL) when people thought it was having a crisis of originality. Now, the crisis has evolved into a crisis of sales.</p>
<div><a class=""permalink"" href=""https://blog.tipranks.com/aapl-sours-as-asian-product-orders-drop/"">Read More…</a></div>
","{'src': 'https://blog.tipranks.com/wp-content/uploads/2022/09/shutterstock_1710247657-1-750x406.jpg', 'width': 750, 'height': 406}",True,https://www.tipranks.com/news/aapl-sours-as-asian-product-orders-drop,GraceCount,aapl-sours-as-asian-product-orders-drop,False,{'src': 'https://blog.tipranks.com/wp-content/uploads/2022/09/shutterstock_1710247657-1-150x150.jpg'},AAPL Sours as Asian Product Orders Drop,"[{'id': 0, 'title': 'AAPL', 'slug': 'aapl'}]",1y,1672771170000,,425533
"[{'ticker': 'AAPL', 'market': None}]",425219,{'slug': 'shrilekha-pethe'},"{'slug': 'news', 'title': 'Market News'}",2023-01-03T11:25:06.000Z,"<p>For Apple’s (AAPL) loyal iPhone customers, there is some good news. Apple’s biggest production partner, Foxconn has finally ramped up production at its factory in Zhengzhou to about 90% of its</p>
<div><a class=""permalink"" href=""https://blog.tipranks.com/aapls-iphone-maker-foxconn-ramps-up-production/"">Read More…</a></div>
","{'src': 'https://blog.tipranks.com/wp-content/uploads/2023/01/shutterstock_1552043147-750x406.jpg', 'width': 750, 'height': 406}",True,https://www.tipranks.com/news/aapls-iphone-maker-foxconn-ramps-up-production,GraceCount,aapls-iphone-maker-foxconn-ramps-up-production,False,{'src': 'https://blog.tipranks.com/wp-content/uploads/2023/01/shutterstock_1552043147-150x150.jpg'},AAPL’s iPhone Maker Foxconn Ramps Up Production,"[{'id': 0, 'title': 'AAPL', 'slug': 'aapl'}]",1y,1672745106000,,425219
"[{'ticker': 'AAPL', 'market': None}]",424197,{'slug': 'steveanderson'},"{'slug': 'news', 'title': 'Market News'}",2022-12-29T19:50:03.000Z,"<p>Shares of consumer electronics giant Apple (NASDAQ:AAPL) are up in Thursday trading thanks to reports that the Foxconn plant is now operating at 70% capacity. Thanks to China’s abandoning of</p>
<div><a class=""permalink"" href=""https://blog.tipranks.com/aapl-improves-production-with-room-to-spare/"">Read More…</a></div>
","{'src': 'https://blog.tipranks.com/wp-content/uploads/2022/12/shutterstock_1726161376-750x406.jpg', 'width': 750, 'height': 406}",True,https://www.tipranks.com/news/aapl-improves-production-with-room-to-spare,GraceCount,aapl-improves-production-with-room-to-spare,False,{'src': 'https://blog.tipranks.com/wp-content/uploads/2022/12/shutterstock_1726161376-150x150.jpg'},AAPL Improves Production With Room to Spare,"[{'id': 0, 'title': 'AAPL', 'slug': 'aapl'}]",1y,1672343403000,,424197
"[{'ticker': 'AAPL', 'market': None}]",423498,{'slug': 'kailas-salunkhe'},"{'slug': 'news', 'title': 'Market News'}",2022-12-28T13:30:23.000Z,"<p>The COVID-19-induced supply chain woes in China continue to impact Apple (NASDAQ:AAPL). Last month, the iPhone maker had indicated that shipments of iPhone 14 pro could be impacted and now</p>
<div><a class=""permalink"" href=""https://blog.tipranks.com/apples-supply-woes-likely-to-continue-in-2023/"">Read More…</a></div>
","{'src': 'https://blog.tipranks.com/wp-content/uploads/2022/12/shutterstock_522478003-750x406.jpg', 'width': 750, 'height': 406}",True,https://www.tipranks.com/news/apples-supply-woes-likely-to-continue-in-2023,GraceCount,apples-supply-woes-likely-to-continue-in-2023,False,{'src': 'https://blog.tipranks.com/wp-content/uploads/2022/12/shutterstock_522478003-150x150.jpg'},Apple’s Supply Woes Likely to Continue in 2023,"[{'id': 0, 'title': 'AAPL', 'slug': 'aapl'}]",1y,1672234223000,,423498
"[{'ticker': 'AAPL', 'market': None}]",423266,{'slug': 'steveanderson'},"{'slug': 'news', 'title': 'Market News'}",2022-12-27T21:51:29.000Z,"<p>Consumer electronics giant Apple (NASDAQ:AAPL) is facing some serious concerns from investors right now. One point features Apple’s upcoming product line and concerns about its lack of flexibility. The other</p>
<div><a class=""permalink"" href=""https://blog.tipranks.com/inflexible-apple-hits-new-lows/"">Read More…</a></div>
","{'src': 'https://blog.tipranks.com/wp-content/uploads/2022/11/shutterstock_1757133131-1-750x406.jpg', 'width': 750, 'height': 406}",True,https://www.tipranks.com/news/inflexible-apple-hits-new-lows,GraceCount,inflexible-apple-hits-new-lows,False,{'src': 'https://blog.tipranks.com/wp-content/uploads/2022/11/shutterstock_1757133131-1-150x150.jpg'},Inflexible Apple Hits New Lows,"[{'id': 0, 'title': 'AAPL', 'slug': 'aapl'}]",1y,1672177889000,,423266
"[{'ticker': 'AAPL', 'market': None}]",422391,{'slug': 'steveanderson'},"{'slug': 'news', 'title': 'Market News'}",2022-12-23T19:22:25.000Z,"<p>The end of the year isn’t treating consumer tech giant Apple (NASDAQ:AAPL) well. The stock recently hit its 52-week low, and it’s currently in limbo thanks to an upcoming government</p>
<div><a class=""permalink"" href=""https://blog.tipranks.com/apple-hits-52-week-low-ahead-of-biden-decision/"">Read More…</a></div>
","{'src': 'https://blog.tipranks.com/wp-content/uploads/2022/12/shutterstock_1726161376-750x406.jpg', 'width': 750, 'height': 406}",True,https://www.tipranks.com/news/apple-hits-52-week-low-ahead-of-biden-decision,GraceCount,apple-hits-52-week-low-ahead-of-biden-decision,False,{'src': 'https://blog.tipranks.com/wp-content/uploads/2022/12/shutterstock_1726161376-150x150.jpg'},Apple Hits 52-Week Low Ahead of Biden Decision,"[{'id': 0, 'title': 'AAPL', 'slug': 'aapl'}]",1y,1671823345000,,422391
"[{'ticker': 'AAPL', 'market': None}]",420896,{'slug': 'steveanderson'},"{'slug': 'news', 'title': 'Market News'}",2022-12-21T22:02:51.000Z,"<p>Consumer technology giant Apple (NASDAQ:AAPL) has not had a great year. After years of market dominance, the latest developments haven’t been great. However, the stock was up today and kept</p>
<div><a class=""permalink"" href=""https://blog.tipranks.com/will-2023-be-apples-year-citi-says-its-possible/"">Read More…</a></div>
","{'src': 'https://blog.tipranks.com/wp-content/uploads/2022/12/shutterstock_1726161376-750x406.jpg', 'width': 750, 'height': 406}",True,https://www.tipranks.com/news/will-2023-be-apples-year-citi-says-its-possible,GraceCount,will-2023-be-apples-year-citi-says-its-possible,False,{'src': 'https://blog.tipranks.com/wp-content/uploads/2022/12/shutterstock_1726161376-150x150.jpg'},Will 2023 be Apple’s Year? Citi Says It’s Possible,"[{'id': 0, 'title': 'AAPL', 'slug': 'aapl'}]",1y,1671660171000,,420896
"[{'ticker': 'AAPL', 'market': None}]",417653,{'slug': 'martyshtrubel'},"{'slug': 'article', 'title': 'Stock Analysis & Ideas'}",2022-12-16T19:50:42.000Z,"<p>The Chinese authorities might have decided to ease its zero-Covid policies but the damage to Apple’s (AAPL) iPhone production lines is already done. Now, then, as a result of the</p>
<div><a class=""permalink"" href=""https://blog.tipranks.com/apple-stock-negative-outlook-for-the-near-term-but-still-a-long-term-winner-says-oppenheimer/"">Read More…</a></div>
","{'src': 'https://blog.tipranks.com/wp-content/uploads/2022/04/AAPL-0422-750x406.jpg', 'width': 750, 'height': 406}",True,https://www.tipranks.com/news/article/apple-stock-negative-outlook-for-the-near-term-but-still-a-long-term-winner-says-oppenheimer,GraceCount,apple-stock-negative-outlook-for-the-near-term-but-still-a-long-term-winner-says-oppenheimer,False,{'src': 'https://blog.tipranks.com/wp-content/uploads/2022/04/AAPL-0422-150x150.jpg'},"Apple Stock: Negative Outlook for the Near-Term, but Still a Long-Term Winner, Says Oppenheimer","[{'id': 0, 'title': 'AAPL', 'slug': 'aapl'}, {'id': 0, 'title': 'Apple', 'slug': 'apple'}, {'id': 0, 'title': 'FAANG Stocks', 'slug': 'faang'}]",1y,1671220242000,,417653
"[{'ticker': 'AAPL', 'market': None}]",413877,{'slug': 'steveanderson'},"{'slug': 'news', 'title': 'Market News'}",2022-12-13T21:39:09.000Z,"<p>Apple stock (NASDAQ:AAPL) found itself up just slightly in after-hours trading after a somewhat better Tuesday trading session. The company is about to change its connection to app stores forever</p>
<div><a class=""permalink"" href=""https://blog.tipranks.com/apple-nudges-up-after-huge-app-store-announcement/"">Read More…</a></div>
","{'src': 'https://blog.tipranks.com/wp-content/uploads/2022/02/app-store-750x406.jpg', 'width': 750, 'height': 406}",True,https://www.tipranks.com/news/apple-nudges-up-after-huge-app-store-announcement,GraceCount,apple-nudges-up-after-huge-app-store-announcement,False,{'src': 'https://blog.tipranks.com/wp-content/uploads/2022/02/app-store-150x150.jpg'},Apple Intends to Allow Third-Party Apps on Its Platforms,"[{'id': 0, 'title': 'AAPL', 'slug': 'aapl'}]",1y,1670967549000,,413877
"[{'ticker': 'AAPL', 'market': None}]",412269,{'slug': 'shrilekha-pethe'},"{'slug': 'news', 'title': 'Market News'}",2022-12-12T15:10:34.000Z,"<p>Apple (NASDAQ: AAPL) is likely to partner with India’s Tata Group to launch 100 stores in India that will exclusively sell Apple products, according to an Economic Times report. The</p>
<div><a class=""permalink"" href=""https://blog.tipranks.com/apple-likely-to-open-100-stores-in-india/"">Read More…</a></div>
","{'src': 'https://blog.tipranks.com/wp-content/uploads/2022/12/shutterstock_711401320-750x406.jpg', 'width': 750, 'height': 406}",True,https://www.tipranks.com/news/apple-likely-to-open-100-stores-in-india,GraceCount,apple-likely-to-open-100-stores-in-india,False,{'src': 'https://blog.tipranks.com/wp-content/uploads/2022/12/shutterstock_711401320-150x150.jpg'},Apple Likely to Open 100 Stores in India,"[{'id': 0, 'title': 'AAPL', 'slug': 'aapl'}]",1y,1670857834000,,412269
"[{'ticker': 'COIN', 'market': None}, {'ticker': 'NASDAQ', 'market': None}]",407762,{'slug': 'joey-frenette'},"{'slug': 'article', 'title': 'Stock Analysis & Ideas'}",2022-12-09T02:07:49.000Z,"<p>Coinbase (NASDAQ:COIN) can’t seem to catch a break. Undoubtedly, shares of the popular crypto exchange platform have felt shockwaves from&nbsp;FTX’s collapse. Adding more salt to the wounds, Apple (NASDAQ:AAPL) recently</p>
<div><a class=""permalink"" href=""https://blog.tipranks.com/coinbase-stock-nasdaqcoin-cathie-woods-catching-the-falling-knife/"">Read More…</a></div>
","{'src': 'https://blog.tipranks.com/wp-content/uploads/2022/12/shutterstock_1978588733-750x406.jpg', 'width': 750, 'height': 406}",True,https://www.tipranks.com/news/article/coinbase-stock-nasdaqcoin-cathie-woods-catching-the-falling-knife,GraceCount,coinbase-stock-nasdaqcoin-cathie-woods-catching-the-falling-knife,False,{'src': 'https://blog.tipranks.com/wp-content/uploads/2022/12/shutterstock_1978588733-150x150.jpg'},Coinbase Stock (NASDAQ:COIN): Cathie Wood’s Catching the Falling Knife. Should You?,"[{'id': 0, 'title': 'COIN', 'slug': 'coin'}, {'id': 0, 'title': 'Crypto stocks', 'slug': 'crypto-stocks'}, {'id': 0, 'title': 'NASDAQ', 'slug': 'nasdaq'}]",1y,1670551669000,,407762
"[{'ticker': 'AAPL', 'market': None}, {'ticker': 'NVDA', 'market': None}, {'ticker': 'TSM', 'market': None}]",406241,{'slug': 'shrilekha-pethe'},"{'slug': 'news', 'title': 'Market News'}",2022-12-05T14:25:59.000Z,"<p>Apple (NASDAQ: AAPL) is looking at shifting some of its production out of China, according to a Wall Street Journal report. The report stated that Apple has told its manufacturing</p>
<div><a class=""permalink"" href=""https://blog.tipranks.com/apple-likely-to-move-some-production-out-of-china/"">Read More…</a></div>
","{'src': 'https://blog.tipranks.com/wp-content/uploads/2022/12/shutterstock_1726161376-750x406.jpg', 'width': 750, 'height': 406}",True,https://www.tipranks.com/news/apple-likely-to-move-some-production-out-of-china,GraceCount,apple-likely-to-move-some-production-out-of-china,False,{'src': 'https://blog.tipranks.com/wp-content/uploads/2022/12/shutterstock_1726161376-150x150.jpg'},"AAPL to Shift out of China, Eyes TSM’s Arizona Plant","[{'id': 0, 'title': 'AAPL', 'slug': 'aapl'}, {'id': 0, 'title': 'NVDA', 'slug': 'nvda'}, {'id': 0, 'title': 'TSM', 'slug': 'tsm'}]",1y,1670250359000,,406241
"[{'ticker': 'AAPL', 'market': None}]",404968,{'slug': 'martyshtrubel'},"{'slug': 'article', 'title': 'Stock Analysis & Ideas'}",2022-12-02T20:12:04.000Z,"<p>Finally, some welcome news for Apple (AAPL) on the iPhone production front. On Tuesday, the Chinese authorities called an end to the Covid lockdown in Zhengzhou – also referred to</p>
<div><a class=""permalink"" href=""https://blog.tipranks.com/apples-iphone-woes-ease-but-questions-remain-around-future-production-in-china/"">Read More…</a></div>
","{'src': 'https://blog.tipranks.com/wp-content/uploads/2022/03/AAPL-China-0318-750x406.jpg', 'width': 750, 'height': 406}",True,https://www.tipranks.com/news/article/apples-iphone-woes-ease-but-questions-remain-around-future-production-in-china,GraceCount,apples-iphone-woes-ease-but-questions-remain-around-future-production-in-china,False,{'src': 'https://blog.tipranks.com/wp-content/uploads/2022/03/AAPL-China-0318-150x150.jpg'},Apple’s iPhone Woes Ease but Questions Remain Around Future Production in China,"[{'id': 0, 'title': 'AAPL', 'slug': 'aapl'}, {'id': 0, 'title': 'Apple', 'slug': 'apple'}]",1y,1670011924000,,404968
"[{'ticker': 'AAPL', 'market': None}, {'ticker': 'TSLA', 'market': None}]",400542,{'slug': 'sheryl-sheth'},"{'slug': 'news', 'title': 'Market News'}",2022-11-29T11:12:21.000Z,"<p>Billionaire Elon Musk has been wrestling with rejection since the day he acquired the social media platform Twitter. In a series of tweets yesterday, Musk lambasted iPhone maker Apple (NASDAQ:AAPL)</p>
<div><a class=""permalink"" href=""https://blog.tipranks.com/musks-twitter-faces-new-rejection/"">Read More…</a></div>
","{'src': 'https://blog.tipranks.com/wp-content/uploads/2022/10/shutterstock_2210422155-750x406.jpg', 'width': 750, 'height': 406}",False,https://www.tipranks.com/news/musks-twitter-faces-new-rejection,GraceCount,musks-twitter-faces-new-rejection,False,{'src': 'https://blog.tipranks.com/wp-content/uploads/2022/10/shutterstock_2210422155-150x150.jpg'},Musk’s Twitter Faces New Rejection,"[{'id': 0, 'title': 'AAPL', 'slug': 'aapl'}, {'id': 0, 'title': 'TSLA', 'slug': 'tsla'}]",1y,1669720341000,,400542
"[{'ticker': 'AAPL', 'market': None}]",400387,{'slug': 'martyshtrubel'},"{'slug': 'article', 'title': 'Stock Analysis & Ideas'}",2022-11-28T23:19:48.000Z,"<p>The iPhone headwinds are piling up for Apple (AAPL). Black Friday demand for iPhone 14 handsets was pitted against shortages at retailers, which have only gotten worse recently. Heading into the</p>
<div><a class=""permalink"" href=""https://blog.tipranks.com/strong-headwinds-for-apple-stock-but-there-is-a-silver-lining/"">Read More…</a></div>
","{'src': 'https://blog.tipranks.com/wp-content/uploads/2022/06/AAPL-0607-750x406.jpg', 'width': 750, 'height': 406}",False,https://www.tipranks.com/news/article/strong-headwinds-for-apple-stock-but-there-is-a-silver-lining,GraceCount,strong-headwinds-for-apple-stock-but-there-is-a-silver-lining,False,{'src': 'https://blog.tipranks.com/wp-content/uploads/2022/06/AAPL-0607-150x150.jpg'},"Strong Headwinds for Apple Stock, but There Is a Silver Lining","[{'id': 0, 'title': 'AAPL', 'slug': 'aapl'}, {'id': 0, 'title': 'Apple', 'slug': 'apple'}, {'id': 0, 'title': 'FAANG Stocks', 'slug': 'faang'}]",1y,1669677588000,,400387
"[{'ticker': 'AAPL', 'market': None}]",400173,{'slug': 'shrilekha-pethe'},"{'slug': 'news', 'title': 'Market News'}",2022-11-28T10:09:10.000Z,"<p>On Monday, Bloomberg reported that Apple (NASDAQ: AAPL) could experience a shortfall of around 6 million iPhone Pro units this year due to the unrest at the Zhengzhou manufacturing hub</p>
<div><a class=""permalink"" href=""https://blog.tipranks.com/apple-likely-to-fall-short-of-6-million-iphone-pros-due-to-unrest-at-zhengzhou/"">Read More…</a></div>
","{'src': 'https://blog.tipranks.com/wp-content/uploads/2022/11/shutterstock_1552043147-750x406.jpg', 'width': 750, 'height': 406}",False,https://www.tipranks.com/news/apple-likely-to-fall-short-of-6-million-iphone-pros-due-to-unrest-at-zhengzhou,GraceCount,apple-likely-to-fall-short-of-6-million-iphone-pros-due-to-unrest-at-zhengzhou,False,{'src': 'https://blog.tipranks.com/wp-content/uploads/2022/11/shutterstock_1552043147-150x150.jpg'},Apple is Down as China’s Unrest Could Lead to Fewer iPhone Production,"[{'id': 0, 'title': 'AAPL', 'slug': 'aapl'}]",1y,1669630150000,,400173
"[{'ticker': 'AAPL', 'market': None}]",399504,{'slug': 'sirisha-bhogaraju'},"{'slug': 'news', 'title': 'Market News'}",2022-11-25T14:44:26.000Z,"The chaos at Foxconn’s Zhengzhou, China plant is expected to hit Apple’s (NASDAQ:AAPL) iPhone November shipments by over 30%, up from the previous estimate of up to 30%, as per
","{'src': 'https://blog.tipranks.com/wp-content/uploads/2022/11/shutterstock_2060550662-1-750x406.jpg', 'width': 750, 'height': 406}",False,https://www.tipranks.com/news/foxconn-unrest-to-have-a-greater-impact-on-apples-nasdaqaapl-iphone-shipments,GraceCount,foxconn-unrest-to-have-a-greater-impact-on-apples-nasdaqaapl-iphone-shipments,False,{'src': 'https://blog.tipranks.com/wp-content/uploads/2022/11/shutterstock_2060550662-1-150x150.jpg'},Foxconn Unrest to Further Drag Down Apple’s (NASDAQ:AAPL) iPhone Shipments,"[{'id': 0, 'slug': 'aapl', 'title': 'AAPL'}]",1y,1669387466000,,399504
"[{'ticker': 'AAPL', 'market': None}, {'ticker': 'MANU', 'market': None}]",399390,{'slug': 'radhika-saraogi'},"{'slug': 'news', 'title': 'Market News'}",2022-11-25T10:23:30.000Z,"Apple’s (NASDAQ:AAPL) CEO Tim Cook is reportedly planning to take over Manchester United&nbsp;(NYSE:MANU)&nbsp;in a deal worth about $7 billion. The news reported by the Daily Star stated that the deal
","{'src': 'https://blog.tipranks.com/wp-content/uploads/2022/11/shutterstock_1090920524-750x406.jpg', 'width': 750, 'height': 406}",False,https://www.tipranks.com/news/apple-nasdaqaapl-eyes-manu-for-fresh-opportunities,GraceCount,apple-nasdaqaapl-eyes-manu-for-fresh-opportunities,False,{'src': 'https://blog.tipranks.com/wp-content/uploads/2022/11/shutterstock_1090920524-150x150.jpg'},Apple (NASDAQ:AAPL) Eyes MANU for Fresh Opportunities,"[{'id': 0, 'slug': 'aapl', 'title': 'AAPL'}, {'id': 0, 'slug': 'manu', 'title': 'MANU'}]",1y,1669371810000,,399390
"[{'ticker': 'AAPL', 'market': None}]",398825,{'slug': 'sheryl-sheth'},"{'slug': 'news', 'title': 'Market News'}",2022-11-24T12:09:36.000Z,"Apple Inc.’s (NASDAQ:AAPL) iPhone manufacturer, Foxconn’s (Zhengzhou, China, factory) management has publicly apologized for sending incorrect messages about delayed bonus payments. A technical glitch in the pay-related system for newly
","{'src': 'https://blog.tipranks.com/wp-content/uploads/2022/11/shutterstock_2060550662-750x406.jpg', 'width': 750, 'height': 406}",False,https://www.tipranks.com/news/foxconn-enrages-already-disgruntled-employees-will-apple-nasdaqaapl-suffer,GraceCount,foxconn-enrages-already-disgruntled-employees-will-apple-nasdaqaapl-suffer,False,{'src': 'https://blog.tipranks.com/wp-content/uploads/2022/11/shutterstock_2060550662-150x150.jpg'},Foxconn Enrages Already Disgruntled Employees; Will Apple (NASDAQ:AAPL) Suffer?,"[{'id': 0, 'slug': 'aapl', 'title': 'AAPL'}]",1y,1669291776000,,398825
"[{'ticker': 'AAPL', 'market': None}]",398830,{'slug': 'kailas-salunkhe'},"{'slug': 'news', 'title': 'Market News'}",2022-11-24T10:52:40.000Z,"Shares of iPhone maker Apple (NASDAQ:AAPL) have dropped 17% so far this year and the company has been seeing a variety of challenges recently. Yesterday, Apple Cash faced issues with
","{'src': 'https://blog.tipranks.com/wp-content/uploads/2022/11/shutterstock_1987386548-750x406.jpg', 'width': 750, 'height': 406}",False,https://www.tipranks.com/news/are-you-aware-of-these-risks-for-your-apple-stock,GraceCount,are-you-aware-of-these-risks-for-your-apple-stock,False,{'src': 'https://blog.tipranks.com/wp-content/uploads/2022/11/shutterstock_1987386548-150x150.jpg'},Are You Aware of These Risks to Your Apple Stock?,"[{'id': 0, 'slug': 'aapl', 'title': 'AAPL'}]",1y,1669287160000,,398830
"[{'ticker': 'AAPL', 'market': None}]",398010,{'slug': 'shrilekha-pethe'},"{'slug': 'news', 'title': 'Market News'}",2022-11-23T13:15:22.000Z,"Apple’s (NASDAQ: AAPL) iPhone supplier Foxconn’s plant in China was rocked by worker protests on Wednesday, as indicated by a viral video circulating on social media. According to Reuters, this
","{'src': 'https://blog.tipranks.com/wp-content/uploads/2022/11/shutterstock_1301039230-750x406.jpg', 'width': 750, 'height': 406}",False,https://www.tipranks.com/news/apple-supplier-foxconns-plant-rocked-by-worker-unrest,GraceCount,apple-supplier-foxconns-plant-rocked-by-worker-unrest,False,{'src': 'https://blog.tipranks.com/wp-content/uploads/2022/11/shutterstock_1301039230-150x150.jpg'},Apple Supplier Foxconn’s Plant Rocked by Worker Protests,"[{'id': 0, 'slug': 'aapl', 'title': 'AAPL'}]",1y,1669209322000,,398010
"[{'ticker': 'AAPL', 'market': None}]",397744,{'slug': 'radhika-saraogi'},"{'slug': 'news', 'title': 'Market News'}",2022-11-23T12:15:40.000Z,"Apple (NASDAQ:AAPL) and Alphabet’s (NASDAQ:GOOGL) Google are facing an in-depth investigation by the U.K.’s Competition and Markets Authority. The regulator has accused both companies of dominating the mobile browser market.
","{'src': 'https://blog.tipranks.com/wp-content/uploads/2022/11/shutterstock_2197851111-750x406.jpg', 'width': 750, 'height': 406}",False,https://www.tipranks.com/news/u-k-regulator-launches-investigation-into-apple-nasdaqaapl-and-google,GraceCount,u-k-regulator-launches-investigation-into-apple-nasdaqaapl-and-google,False,{'src': 'https://blog.tipranks.com/wp-content/uploads/2022/11/shutterstock_2197851111-150x150.jpg'},U.K. Regulator Launches Investigation into Apple (NASDAQ:AAPL) and Google,"[{'id': 0, 'slug': 'aapl', 'title': 'AAPL'}]",1y,1669205740000,,397744
"[{'ticker': 'AAPL', 'market': None}]",395664,{'slug': 'martyshtrubel'},"{'slug': 'article', 'title': 'Stock Analysis & Ideas'}",2022-11-18T18:51:00.000Z,"<p>Covid-19 is once again affecting Apple’s (AAPL) supply chain. A recent press release highlighted the impact the Covid restrictions are having at Hon Hai’s assembly facility in Zhengzhou, China, where</p>
<div><a class=""permalink"" href=""https://blog.tipranks.com/apple-stock-iphone-shortfall-could-provide-attractive-buying-opportunities-says-j-p-morgan/"">Read More&#8230;</a></div>
","{'src': 'https://blog.tipranks.com/wp-content/uploads/2022/05/aaple-750x406.jpg', 'width': 750, 'height': 406}",False,https://www.tipranks.com/news/article/apple-stock-iphone-shortfall-could-provide-attractive-buying-opportunities-says-j-p-morgan,GraceCount,apple-stock-iphone-shortfall-could-provide-attractive-buying-opportunities-says-j-p-morgan,False,{'src': 'https://blog.tipranks.com/wp-content/uploads/2022/05/aaple-150x150.jpg'},"Apple Stock: iPhone Shortfall Could Provide ‘Attractive Buying Opportunities,’ Says J.P. Morgan","[{'id': 0, 'title': 'AAPL', 'slug': 'aapl'}, {'id': 0, 'title': 'Apple', 'slug': 'apple'}]",1y,1668797460000,,395664
"[{'ticker': 'AAPL', 'market': None}, {'ticker': 'AMZN', 'market': None}, {'ticker': 'GOOG', 'market': None}, {'ticker': 'GOOGL', 'market': None}, {'ticker': 'NASDAQ', 'market': None}]",387953,{'slug': 'joey-frenette'},"{'slug': 'article', 'title': 'Stock Analysis & Ideas'}",2022-11-17T02:40:43.000Z,"FAANG stocks haven’t been able to keep this stock market afloat amid the 2022 bear market. Though big tech may have been the last domino to fall, they’re more than
","{'src': 'https://blog.tipranks.com/wp-content/uploads/2022/11/shutterstock_1575728842-750x406.jpg', 'width': 750, 'height': 406}",False,https://www.tipranks.com/news/article/aapl-vs-goog-vs-amzn-3-top-faang-stocks-turning-a-corner,GraceCount,aapl-vs-goog-vs-amzn-3-top-faang-stocks-turning-a-corner,False,{'src': 'https://blog.tipranks.com/wp-content/uploads/2022/11/shutterstock_1575728842-150x150.jpg'},AAPL vs. GOOG vs. AMZN: 3 Top FAANG Stocks Turning a Corner,"[{'id': 0, 'slug': 'aapl', 'title': 'AAPL'}, {'id': 0, 'slug': 'amzn', 'title': 'AMZN'}, {'id': 0, 'slug': 'goog', 'title': 'GOOG'}, {'id': 0, 'slug': 'faang', 'title': 'FAANG STOCKS'}, {'id': 0, 'slug': 'googl', 'title': 'GOOGL'}, {'id': 0, 'slug': 'nasdaq', 'title': 'NASDAQ'}]",1y,1668652843000,,387953
"[{'ticker': 'AAPL', 'market': None}, {'ticker': 'BLK', 'market': None}, {'ticker': 'GOOG', 'market': None}, {'ticker': 'GOOGL', 'market': None}, {'ticker': 'HSDT', 'market': None}, {'ticker': 'MSFT', 'market': None}, {'ticker': 'TSLA', 'market': None}]",391463,{'slug': 'amit-singh'},"{'slug': 'news', 'title': 'Market News'}",2022-11-16T10:50:43.000Z,"<p>The latest 13F filing from BlackRock (NYSE:BLK) reveals that the asset management and investment company is bullish about penny stock Mullen Automotive (NASDAQ:MULN) and Helius Medical Technologies (NASDAQ:HSDT). It also increased its</p>
<div><a class=""permalink"" href=""https://blog.tipranks.com/blackrock-ups-stake-in-penny-stock-muln-trims-holdings-in-aapl-and-msft/"">Read More…</a></div>
","{'src': 'https://blog.tipranks.com/wp-content/uploads/2022/11/shutterstock_1324038479-750x406.jpg', 'width': 750, 'height': 406}",False,https://www.tipranks.com/news/blackrock-ups-stake-in-penny-stock-muln-trims-holdings-in-aapl-and-msft,GraceCount,blackrock-ups-stake-in-penny-stock-muln-trims-holdings-in-aapl-and-msft,False,{'src': 'https://blog.tipranks.com/wp-content/uploads/2022/11/shutterstock_1324038479-150x150.jpg'},BlackRock Ups Stake in Penny Stock MULN; Trims Holdings in AAPL and MSFT,"[{'id': 0, 'title': 'AAPL', 'slug': 'aapl'}, {'id': 0, 'title': 'BLK', 'slug': 'blk'}, {'id': 0, 'title': 'GOOG', 'slug': 'goog'}, {'id': 0, 'title': 'GOOGL', 'slug': 'googl'}, {'id': 0, 'title': 'HSDT', 'slug': 'hsdt'}, {'id': 0, 'title': 'MSFT', 'slug': 'msft'}, {'id': 0, 'title': 'TSLA', 'slug': 'tsla'}]",1y,1668595843000,,391463
"[{'ticker': 'AAPL', 'market': None}]",391457,{'slug': 'radhika-saraogi'},"{'slug': 'news', 'title': 'Market News'}",2022-11-16T09:48:39.000Z,"Apple Inc.’s (NASDAQ:AAPL) CEO Tim Cook is planning to diversify the tech giant’s chips supply chain by sourcing some of the requirements from a plant in Arizona and possibly from
","{'src': 'https://blog.tipranks.com/wp-content/uploads/2022/08/shutterstock_1669599736-750x406.jpg', 'width': 750, 'height': 406}",False,https://www.tipranks.com/news/apple-nasdaqaapl-to-source-u-s-made-chips-from-2024,GraceCount,apple-nasdaqaapl-to-source-u-s-made-chips-from-2024,False,{'src': 'https://blog.tipranks.com/wp-content/uploads/2022/08/shutterstock_1669599736-150x150.jpg'},Apple (NASDAQ:AAPL) Reducing Chip Reliance on Asia,"[{'id': 0, 'slug': 'aapl', 'title': 'AAPL'}]",1y,1668592119000,,391457
"[{'ticker': 'AAPL', 'market': None}]",389767,{'slug': 'chandrimasanyal'},"{'slug': 'news', 'title': 'Market News'}",2022-11-15T11:01:30.000Z,"A new chapter in the dispute between Apple (NASDAQ:AAPL) and Fortnite creator Epic Games began after the latter filed an appeal to have some of a lower court’s pro-Apple antitrust judgments overturned.
","{'src': 'https://blog.tipranks.com/wp-content/uploads/2022/11/shutterstock_2145351107-750x406.jpg', 'width': 750, 'height': 406}",False,https://www.tipranks.com/news/apple-nasdaqaapl-to-face-fresh-scrutiny-as-epic-contests-lower-court-ruling,GraceCount,apple-nasdaqaapl-to-face-fresh-scrutiny-as-epic-contests-lower-court-ruling,False,{'src': 'https://blog.tipranks.com/wp-content/uploads/2022/11/shutterstock_2145351107-150x150.jpg'},Apple (NASDAQ:AAPL) to Face Fresh Scrutiny as Epic Contests Lower Court Ruling,"[{'id': 0, 'slug': 'aapl', 'title': 'AAPL'}]",1y,1668510090000,,389767
"[{'ticker': 'AAPL', 'market': None}, {'ticker': 'META', 'market': None}, {'ticker': 'NASDAQ', 'market': None}]",386144,{'slug': 'joey-frenette'},"{'slug': 'article', 'title': 'Stock Analysis & Ideas'}",2022-11-13T13:39:00.000Z,"The third-quarter (Q3) earnings season was quite turbulent, with even some mega-cap blue-chip stocks showing dents in their armor. Undoubtedly, FAANG stocks (with the exception of Apple (NASDAQ: AAPL)) have
","{'src': 'https://blog.tipranks.com/wp-content/uploads/2022/11/shutterstock_1302156640-1-1-750x406.jpg', 'width': 750, 'height': 406}",False,https://www.tipranks.com/news/article/top-stock-investing-lessons-learned-from-q3-earnings,GraceCount,top-stock-investing-lessons-learned-from-q3-earnings,False,{'src': 'https://blog.tipranks.com/wp-content/uploads/2022/11/shutterstock_1302156640-1-1-150x150.jpg'},Top Stock Investing Lessons Learned from Q3 Earnings,"[{'id': 0, 'slug': 'aapl', 'title': 'AAPL'}, {'id': 0, 'slug': 'meta', 'title': 'META'}, {'id': 0, 'slug': 'faang', 'title': 'FAANG STOCKS'}, {'id': 0, 'slug': 'nasdaq', 'title': 'NASDAQ'}]",1y,1668346740000,,386144
"[{'ticker': 'AAPL', 'market': None}]",384926,{'slug': 'shrilekha-pethe'},"{'slug': 'news', 'title': 'Market News'}",2022-11-10T14:12:29.000Z,"Apple’s (NASDAQ: AAPL) major supplier, Foxconn stated on Thursday that it was adjusting production at its Zhengzhou factory in China, to avoid disruption of holiday orders for Apple’s iPhones. Foxconn
","{'src': 'https://blog.tipranks.com/wp-content/uploads/2022/11/shutterstock_1714943305-750x406.jpg', 'width': 750, 'height': 406}",False,https://www.tipranks.com/news/apple-supplier-foxconn-looks-at-adjusting-iphone-production,GraceCount,apple-supplier-foxconn-looks-at-adjusting-iphone-production,False,{'src': 'https://blog.tipranks.com/wp-content/uploads/2022/11/shutterstock_1714943305-150x150.jpg'},Apple Supplier Foxconn Looks at Adjusting iPhone Production,"[{'id': 0, 'slug': 'aapl', 'title': 'AAPL'}]",1y,1668089549000,,384926
"[{'ticker': 'AAPL', 'market': None}, {'ticker': 'NASDAQ', 'market': None}]",382997,{'slug': 'chandrimasanyal'},"{'slug': 'article', 'title': 'Stock Analysis & Ideas'}",2022-11-10T06:28:49.000Z,"Tech titan Apple (NASDAQ:AAPL) is not protected from a potential recession. Recently, the company warned of lower-than-expected shipments of the iPhone 14 this year due to COVID-related lockdowns in China.
","{'src': 'https://blog.tipranks.com/wp-content/uploads/2022/11/shutterstock_1757133131-1-750x406.jpg', 'width': 750, 'height': 406}",False,https://www.tipranks.com/news/article/china-lockdowns-bite-apple-nasdaqaapl-yet-analyst-remains-bullish,GraceCount,china-lockdowns-bite-apple-nasdaqaapl-yet-analyst-remains-bullish,False,{'src': 'https://blog.tipranks.com/wp-content/uploads/2022/11/shutterstock_1757133131-1-150x150.jpg'},"China Lockdowns Bite Apple (NASDAQ:AAPL), Yet Analyst Remains Bullish","[{'id': 0, 'slug': 'aapl', 'title': 'AAPL'}, {'id': 0, 'slug': 'nasdaq', 'title': 'NASDAQ'}, {'id': 0, 'slug': 'expert-spotlight', 'title': 'EXPERT SPOTLIGHT'}]",1y,1668061729000,,382997
"[{'ticker': 'AAPL', 'market': None}]",869733,{'slug': 'martyshtrubel'},"{'slug': 'news', 'title': 'Market News'}",2024-02-17T16:12:11.000Z,"<p>A major factor behind Apple (NASDAQ:AAPL) stock’s multiple expansion over the past 5 years – i.e., its valuation has risen faster than its fundamental value – has been down to</p>
<div><a class=""permalink"" href=""https://blog.tipranks.com/hold-your-horses-says-bernstein-bank-about-apple-stock/"">Read More…</a></div>
","{'src': 'https://blog.tipranks.com/wp-content/uploads/2023/08/AAPL-0821-750x406.jpg', 'width': 750, 'height': 406}",True,https://www.tipranks.com/news/hold-your-horses-says-bernstein-bank-about-apple-stock,GraceCount,hold-your-horses-says-bernstein-bank-about-apple-stock,False,{'src': 'https://blog.tipranks.com/wp-content/uploads/2023/08/AAPL-0821-150x150.jpg'},"‘Hold Your Horses,’ Says Bernstein Bank About Apple Stock","[{'id': 0, 'type': 'stock', 'title': 'AAPL', 'slug': 'aapl', 'sentiment': None}, {'id': 0, 'type': None, 'title': 'Apple', 'slug': 'apple', 'sentiment': None}]",1d,1708186331000,,869733
"[{'ticker': 'AAPL', 'market': None}, {'ticker': 'AVGO', 'market': None}, {'ticker': 'META', 'market': None}]",866484,{'slug': 'steveanderson'},"{'slug': 'news', 'title': 'Market News'}",2024-02-15T18:34:34.000Z,"<p>Tech giant Apple’s (NASDAQ:AAPL) walled garden operations—in which it keeps a very close rein on what it allows to access its massive user base—have sparked controversy in the past. But</p>
<div><a class=""permalink"" href=""https://blog.tipranks.com/meta-platforms-nasdaqmeta-surges-after-plans-to-charge-apple-nasdaqaapl/"">Read More…</a></div>
","{'src': 'https://blog.tipranks.com/wp-content/uploads/2024/02/Meta-shutterstock_2095013542-750x406.jpg', 'width': 750, 'height': 406}",True,https://www.tipranks.com/news/meta-platforms-nasdaqmeta-surges-after-plans-to-charge-apple-nasdaqaapl,GraceCount,meta-platforms-nasdaqmeta-surges-after-plans-to-charge-apple-nasdaqaapl,False,{'src': 'https://blog.tipranks.com/wp-content/uploads/2024/02/Meta-shutterstock_2095013542-150x150.jpg'},Meta Platforms (NASDAQ:META) Surges amid Plans to Charge Apple,"[{'id': 0, 'type': 'stock', 'title': 'AAPL', 'slug': 'aapl', 'sentiment': None}, {'id': 0, 'type': 'stock', 'title': 'AVGO', 'slug': 'avgo', 'sentiment': None}, {'id': 0, 'type': 'stock', 'title': 'META', 'slug': 'meta', 'sentiment': None}]",3d,1708022074000,,866484
"[{'ticker': 'AAPL', 'market': None}, {'ticker': 'BRK.B', 'market': None}, {'ticker': 'CVX', 'market': None}, {'ticker': 'DHI', 'market': None}, {'ticker': 'GL', 'market': None}, {'ticker': 'HPQ', 'market': None}, {'ticker': 'MKL', 'market': None}, {'ticker': 'OXY', 'market': None}, {'ticker': 'PARA', 'market': None}, {'ticker': 'SIRI', 'market': None}, {'ticker': 'STNE', 'market': None}]",864345,{'slug': 'amit-singh'},"{'slug': 'news', 'title': 'Market News'}",2024-02-15T06:02:42.000Z,"<p>In the latest 13F filing,&nbsp;Warren Buffett’s&nbsp;Berkshire Hathaway (NYSE:BRK.A)(NYSE:BRK.B) disclosed that it has trimmed holdings in technology giant Apple (NASDAQ:AAPL). Further, Berkshire added shares of energy giant Chevron Corporation (NYSE:CVX) during</p>
<div><a class=""permalink"" href=""https://blog.tipranks.com/buffetts-berkshire-trims-stake-in-aapl-adds-cvx/"">Read More…</a></div>
","{'src': 'https://blog.tipranks.com/wp-content/uploads/2024/02/shutterstock_173796827-750x406.jpg', 'width': 750, 'height': 406}",True,https://www.tipranks.com/news/buffetts-berkshire-trims-stake-in-aapl-adds-cvx,GraceCount,buffetts-berkshire-trims-stake-in-aapl-adds-cvx,False,{'src': 'https://blog.tipranks.com/wp-content/uploads/2024/02/shutterstock_173796827-150x150.jpg'},"Buffett’s Berkshire Trims Stake in AAPL, Adds CVX","[{'id': 0, 'type': 'stock', 'title': 'AAPL', 'slug': 'aapl', 'sentiment': None}, {'id': 0, 'type': None, 'title': 'BRk.A', 'slug': 'brka', 'sentiment': None}, {'id': 0, 'type': 'stock', 'title': 'BRK.B', 'slug': 'brkb', 'sentiment': None}, {'id': 0, 'type': 'stock', 'title': 'CVX', 'slug': 'cvx', 'sentiment': None}, {'id': 0, 'type': 'stock', 'title': 'DHI', 'slug': 'dhi', 'sentiment': None}, {'id': 0, 'type': 'stock', 'title': 'GL', 'slug': 'gl', 'sentiment': None}, {'id': 0, 'type': 'stock', 'title': 'HPQ', 'slug': 'hpq', 'sentiment': None}, {'id': 0, 'type': 'stock', 'title': 'MKL', 'slug': 'mkl', 'sentiment': None}, {'id': 0, 'type': 'stock', 'title': 'OXY', 'slug': 'oxy', 'sentiment': None}, {'id': 0, 'type': 'stock', 'title': 'PARA', 'slug': 'para', 'sentiment': None}, {'id': 0, 'type': 'stock', 'title': 'SIRI', 'slug': 'siri', 'sentiment': None}, {'id': 0, 'type': 'stock', 'title': 'STNE', 'slug': 'stne', 'sentiment': None}]",4d,1707976962000,,864345
"[{'ticker': 'AAPL', 'market': None}]",856821,{'slug': 'shrilekha-pethe'},"{'slug': 'news', 'title': 'Market News'}",2024-02-12T10:35:28.000Z,"<p>Tech giant Apple (NASDAQ:AAPL) is planning to settle its lawsuit against chip startup Rivos. The firm had accused Rivos of stealing its computer chip technology secrets, according to Reuters. The</p>
<div><a class=""permalink"" href=""https://blog.tipranks.com/apple-nasdaqaapl-set-to-close-legal-battle-with-rivos-over-chip-theft-allegations/"">Read More…</a></div>
","{'src': 'https://blog.tipranks.com/wp-content/uploads/2024/02/shutterstock_2401577033-750x406.jpg', 'width': 750, 'height': 406}",True,https://www.tipranks.com/news/apple-nasdaqaapl-set-to-close-legal-battle-with-rivos-over-chip-theft-allegations,GraceCount,apple-nasdaqaapl-set-to-close-legal-battle-with-rivos-over-chip-theft-allegations,False,{'src': 'https://blog.tipranks.com/wp-content/uploads/2024/02/shutterstock_2401577033-150x150.jpg'},Apple (NASDAQ:AAPL) to Settle Chip Theft Lawsuit with Rivos,"[{'id': 0, 'type': 'stock', 'title': 'AAPL', 'slug': 'aapl', 'sentiment': None}]",7d,1707734128000,,856821
"[{'ticker': 'AAPL', 'market': None}, {'ticker': 'NASDAQ', 'market': None}]",853394,{'slug': 'joey-frenette'},"{'slug': 'article', 'title': 'Stock Analysis & Ideas'}",2024-02-09T02:50:48.000Z,"<p>Apple (NASDAQ:AAPL) stock has been really struggling to break through to a new all-time high. Undoubtedly, Apple seems to have been outshined by its peers in the Magnificent Seven, but</p>
<div><a class=""permalink"" href=""https://blog.tipranks.com/apple-stock-nasdaqaapl-2-catalysts-that-could-power-shares-to-250/"">Read More…</a></div>
","{'src': 'https://blog.tipranks.com/wp-content/uploads/2024/02/shutterstock_217604671-750x406.jpg', 'width': 750, 'height': 406}",True,https://www.tipranks.com/news/article/apple-stock-nasdaqaapl-2-catalysts-that-could-power-shares-to-250,GraceCount,apple-stock-nasdaqaapl-2-catalysts-that-could-power-shares-to-250,False,{'src': 'https://blog.tipranks.com/wp-content/uploads/2024/02/shutterstock_217604671-150x150.jpg'},Apple Stock (NASDAQ:AAPL): 2 Catalysts That Could Power Shares to $250,"[{'id': 0, 'type': 'stock', 'title': 'AAPL', 'slug': 'aapl', 'sentiment': 'positive'}, {'id': 0, 'type': None, 'title': 'FAANG Stocks', 'slug': 'faang', 'sentiment': None}, {'id': 0, 'type': None, 'title': 'NASDAQ', 'slug': 'nasdaq', 'sentiment': None}, {'id': 0, 'type': None, 'title': 'yahoo finance', 'slug': 'yahoo-finance', 'sentiment': None}]",10d,1707447048000,,853394
"[{'ticker': 'AAPL', 'market': None}, {'ticker': 'AMZN', 'market': None}]",851096,{'slug': 'shrilekha-pethe'},"{'slug': 'news', 'title': 'Market News'}",2024-02-08T12:29:55.000Z,"<p>Spain’s High Court has suspended a fine of €194 million or $209 million imposed on tech giants Apple (AAPL) and Amazon (AMZN) by the Spanish antitrust watchdog back in July,</p>
<div><a class=""permalink"" href=""https://blog.tipranks.com/tech-giants-apple-nasdaqaapl-and-amazon-dodge-e194-million-fine-in-spanish-antitrust-battle/"">Read More…</a></div>
","{'src': 'https://blog.tipranks.com/wp-content/uploads/2024/02/shutterstock_1936668796-750x406.jpg', 'width': 750, 'height': 406}",True,https://www.tipranks.com/news/tech-giants-apple-nasdaqaapl-and-amazon-dodge-e194-million-fine-in-spanish-antitrust-battle,GraceCount,tech-giants-apple-nasdaqaapl-and-amazon-dodge-e194-million-fine-in-spanish-antitrust-battle,False,{'src': 'https://blog.tipranks.com/wp-content/uploads/2024/02/shutterstock_1936668796-150x150.jpg'},"Apple (NASDAQ:AAPL), Amazon Dodge €194M Fine in Spanish Antitrust Battle","[{'id': 0, 'type': 'stock', 'title': 'AAPL', 'slug': 'aapl', 'sentiment': None}, {'id': 0, 'type': 'stock', 'title': 'AMZN', 'slug': 'amzn', 'sentiment': None}]",10d,1707395395000,,851096
"[{'ticker': 'AAPL', 'market': None}]",849459,{'slug': 'steveanderson'},"{'slug': 'news', 'title': 'Market News'}",2024-02-07T17:41:22.000Z,"<p>It used to be that most phones folded. Then, the iPhone came out, and the little mirrored slab became the industry standard. But now, tech giant Apple (NASDAQ:AAPL) is working</p>
<div><a class=""permalink"" href=""https://blog.tipranks.com/apple-nasdaqaapl-goes-retro-with-foldable-phones/"">Read More…</a></div>
","{'src': 'https://blog.tipranks.com/wp-content/uploads/2024/02/apple-shutterstock_250627207-750x406.jpg', 'width': 750, 'height': 406}",True,https://www.tipranks.com/news/apple-nasdaqaapl-goes-retro-with-foldable-phones,GraceCount,apple-nasdaqaapl-goes-retro-with-foldable-phones,False,{'src': 'https://blog.tipranks.com/wp-content/uploads/2024/02/apple-shutterstock_250627207-150x150.jpg'},Apple (NASDAQ:AAPL) Goes Retro with Foldable Phones,"[{'id': 0, 'type': 'stock', 'title': 'AAPL', 'slug': 'aapl', 'sentiment': None}]",11d,1707327682000,,849459
"[{'ticker': 'AAPL', 'market': None}]",843368,{'slug': 'shrilekha-pethe'},"{'slug': 'news', 'title': 'Market News'}",2024-02-05T16:21:11.000Z,"<p>Apple’s (NASDAQ:AAPL) 3D vision camera, the Vision Pro, went on sale this weekend, and top-rated Wedbush analyst Daniel Ives thinks that its appeal to customers is “surprising.” Indeed, he believes</p>
<div><a class=""permalink"" href=""https://blog.tipranks.com/analyst-ives-says-apples-nasdaqaapl-vision-pro-could-be-a-game-changer/"">Read More…</a></div>
","{'src': 'https://blog.tipranks.com/wp-content/uploads/2024/02/shutterstock_2314221273-750x406.jpg', 'width': 750, 'height': 406}",True,https://www.tipranks.com/news/analyst-ives-says-apples-nasdaqaapl-vision-pro-could-be-a-game-changer,GraceCount,analyst-ives-says-apples-nasdaqaapl-vision-pro-could-be-a-game-changer,False,{'src': 'https://blog.tipranks.com/wp-content/uploads/2024/02/shutterstock_2314221273-150x150.jpg'},Dan Ives: Apple’s (NASDAQ:AAPL) Vision Pro Could Be a ‘Game Changer’,"[{'id': 0, 'type': 'stock', 'title': 'AAPL', 'slug': 'aapl', 'sentiment': None}]",13d,1707150071000,,843368
"[{'ticker': 'AAPL', 'market': None}, {'ticker': 'AMZN', 'market': None}, {'ticker': 'META', 'market': None}]",841825,{'slug': 'martyshtrubel'},"{'slug': 'news', 'title': 'Market News'}",2024-02-04T17:18:01.000Z,"<p>The stock market’s outstanding performance over the past year has been driven by tech, specifically the cohort dubbed the Magnificent Seven stocks. So, it’s no surprise that the Street was</p>
<div><a class=""permalink"" href=""https://blog.tipranks.com/apple-amazon-and-meta-morgan-stanley-recommends-buying-these-3-magnificent-seven-stocks-after-earnings/"">Read More…</a></div>
","{'src': 'https://blog.tipranks.com/wp-content/uploads/2024/02/AAPL-AMZN-META-1-750x406.jpg', 'width': 750, 'height': 406}",True,https://www.tipranks.com/news/apple-amazon-and-meta-morgan-stanley-recommends-buying-these-3-magnificent-seven-stocks-after-earnings,GraceCount,apple-amazon-and-meta-morgan-stanley-recommends-buying-these-3-magnificent-seven-stocks-after-earnings,False,{'src': 'https://blog.tipranks.com/wp-content/uploads/2024/02/AAPL-AMZN-META-1-150x150.jpg'},"Morgan Stanley Recommends Loading Up on AAPL, AMZN, and META After Earnings","[{'id': 0, 'type': 'stock', 'title': 'AAPL', 'slug': 'aapl', 'sentiment': None}, {'id': 0, 'type': None, 'title': 'Amazon', 'slug': 'amazon', 'sentiment': None}, {'id': 0, 'type': 'stock', 'title': 'AMZN', 'slug': 'amzn', 'sentiment': None}, {'id': 0, 'type': None, 'title': 'Apple', 'slug': 'apple', 'sentiment': None}, {'id': 0, 'type': None, 'title': 'Magnificent Seven', 'slug': 'magnificent-seven', 'sentiment': None}, {'id': 0, 'type': 'stock', 'title': 'META', 'slug': 'meta', 'sentiment': None}]",14d,1707067081000,,841825
"[{'ticker': 'AAPL', 'market': None}]",839374,{'slug': 'amit-singh'},"{'slug': 'news', 'title': 'Market News'}",2024-02-02T08:14:24.000Z,"<p>Apple (NASDAQ:AAPL) is investing heavily in AI, and this could serve as the next growth catalyst for the company. During the Q1 2024 conference call, Apple’s CEO, Tim Cook, said that the</p>
<div><a class=""permalink"" href=""https://blog.tipranks.com/apple-stock-nasdaqaapl-ai-the-next-growth-catalyst/"">Read More…</a></div>
","{'src': 'https://blog.tipranks.com/wp-content/uploads/2024/02/shutterstock_380042644-750x406.jpg', 'width': 750, 'height': 406}",True,https://www.tipranks.com/news/apple-stock-nasdaqaapl-ai-the-next-growth-catalyst,GraceCount,apple-stock-nasdaqaapl-ai-the-next-growth-catalyst,False,{'src': 'https://blog.tipranks.com/wp-content/uploads/2024/02/shutterstock_380042644-150x150.jpg'},Apple Stock (NASDAQ:AAPL): AI the Next Growth Catalyst,"[{'id': 0, 'type': 'stock', 'title': 'AAPL', 'slug': 'aapl', 'sentiment': None}, {'id': 0, 'type': None, 'title': 'Artificial Intelligence Stocks', 'slug': 'artificial-intelligence-stocks', 'sentiment': None}]",17d,1706861664000,,839374
"[{'ticker': 'AAPL', 'market': None}]",838763,{'slug': 'vince-condarcuri'},"{'slug': 'news', 'title': 'Market News'}",2024-02-01T21:49:26.000Z,"<p>Shares of tech giant Apple (NASDAQ:AAPL) slipped in after-hours trading after the company reported earnings for its first quarter of Fiscal Year 2024. Earnings per share came in at $2.18,</p>
<div><a class=""permalink"" href=""https://blog.tipranks.com/apple-nasdaqaapl-slips-despite-q1-earnings-beat/"">Read More…</a></div>
","{'src': 'https://blog.tipranks.com/wp-content/uploads/2024/02/shutterstock_312698543-750x406.jpg', 'width': 750, 'height': 406}",True,https://www.tipranks.com/news/apple-nasdaqaapl-slips-despite-q1-earnings-beat,GraceCount,apple-nasdaqaapl-slips-despite-q1-earnings-beat,False,{'src': 'https://blog.tipranks.com/wp-content/uploads/2024/02/shutterstock_312698543-150x150.jpg'},Apple (NASDAQ:AAPL) Slips despite Q1 Earnings Beat,"[{'id': 0, 'type': 'stock', 'title': 'AAPL', 'slug': 'aapl', 'sentiment': None}, {'id': 0, 'type': None, 'title': 'Earnings Reports Insights', 'slug': 'earnings-reports-insights', 'sentiment': None}]",17d,1706824166000,,838763
"[{'ticker': 'AAPL', 'market': None}, {'ticker': 'AMZN', 'market': None}, {'ticker': 'EPD', 'market': None}, {'ticker': 'HON', 'market': None}, {'ticker': 'META', 'market': None}, {'ticker': 'MO', 'market': None}, {'ticker': 'MRK', 'market': None}, {'ticker': 'PTON', 'market': None}, {'ticker': 'RCL', 'market': None}, {'ticker': 'SHEL', 'market': None}]",837341,{'slug': 'catie-powers'},"{'slug': 'news', 'title': 'Market News'}",2024-02-01T12:06:43.000Z,"<p>Today, several major companies are expected to report earnings: Altria Group (MO), Amazon (AMZN), Apple (AAPL), Enterprise Products Partners (EPD), Meta Platforms (META), Honeywell International (HON), Merck & Company (MRK),</p>
<div><a class=""permalink"" href=""https://blog.tipranks.com/options-volatility-and-implied-earnings-moves-today-february-01-2024/"">Read More…</a></div>
","{'src': 'https://blog.tipranks.com/wp-content/uploads/2024/01/shutterstock_444704206-1-750x406.jpg', 'width': 750, 'height': 406}",False,https://www.tipranks.com/news/options-volatility-and-implied-earnings-moves-today-february-01-2024,GraceCount,options-volatility-and-implied-earnings-moves-today-february-01-2024,False,{'src': 'https://blog.tipranks.com/wp-content/uploads/2024/01/shutterstock_444704206-1-150x150.jpg'},"Options Volatility and Implied Earnings Moves Today, February 01, 2024","[{'id': 0, 'type': 'stock', 'title': 'AAPL', 'slug': 'aapl', 'sentiment': None}, {'id': 0, 'type': 'stock', 'title': 'AMZN', 'slug': 'amzn', 'sentiment': None}, {'id': 0, 'type': 'stock', 'title': 'EPD', 'slug': 'epd', 'sentiment': None}, {'id': 0, 'type': 'stock', 'title': 'HON', 'slug': 'hon', 'sentiment': None}, {'id': 0, 'type': 'stock', 'title': 'META', 'slug': 'meta', 'sentiment': None}, {'id': 0, 'type': 'stock', 'title': 'MO', 'slug': 'mo', 'sentiment': None}, {'id': 0, 'type': 'stock', 'title': 'MRK', 'slug': 'mrk', 'sentiment': None}, {'id': 0, 'type': None, 'title': 'Options', 'slug': 'options', 'sentiment': None}, {'id': 0, 'type': 'stock', 'title': 'PTON', 'slug': 'pton', 'sentiment': None}, {'id': 0, 'type': 'stock', 'title': 'RCL', 'slug': 'rcl', 'sentiment': None}, {'id': 0, 'type': 'stock', 'title': 'SHEL', 'slug': 'shel', 'sentiment': None}]",17d,1706789203000,,837341
